week,views,likes,shares,saves,comments,engagement_score
1,90133,8740,1569,849,2024,22.681719880762078
2,104378,19525,3964,3522,1851,99.6117685907213
3,202210,17444,4254,3218,2377,92.21953426535126
4,18816,8761,1024,1519,728,239.90213146485857
